Date,Open,High,Low,Close,Volume
41641.66667,557.73,558.87,554.13,556.55,1822719
41642.66667,557.5,558.46,552.46,552.5,1669229
41645.66667,556.5,559.42,553.22,558.66,1770782
41646.66667,562.48,569.84,560.58,569.42,2553999
41647.66667,573.66,573.66,566.64,570.61,2243444
41648.66667,571.62,572.11,562.78,565.12,2085565
41649.66667,569.54,569.54,561.12,565.09,2145560
41652.66667,563.27,573.45,558.58,561.49,2425615
41653.66667,568.97,575.5,564.04,574.7,2484514
41654.66667,576.49,577.5,571.89,574.3,1951012
41655.66667,574.54,578.96,574,578.11,1685699
41656.66667,578.42,580.31,572.1,575.26,2766140
41660.66667,580.34,582,575.65,581.85,1981099
41661.66667,583.29,583.94,579.42,582.51,1573846
41662.66667,579.96,581.24,577.18,580.04,1951643
41663.66667,576.5,576.77,561.5,561.91,3926347
41666.66667,562.82,563.25,541.13,550.61,4362978
41667.66667,554.97,562.87,554.97,561.5,2217723
41668.66667,559.55,560.87,549.71,553.46,2411641
41669.66667,572.43,576.24,563.62,567.69,5141107
41670.66667,585.67,593.27,575.56,590.48,5569794
41673.66667,589.37,590.86,566,566.71,4575602
41674.66667,568.55,577.5,568.5,569.08,2815737
41675.66667,572.12,575.38,564.01,571.6,2400619
41676.66667,575.04,580.08,573.77,579.98,1948254
41677.66667,583.81,588.95,580.28,588.72,2687308
41680.66667,585.9,591.2,584.51,586.46,1945639
41681.66667,590.01,595.93,586.1,595.09,2052813
41682.66667,594.5,595,590.69,593.34,1725673
41683.66667,590.37,599.95,589.83,599.95,1836921
41684.66667,597.55,602.19,596.4,601.4,2194330
41688.66667,600.75,606.43,600,605.44,2110730
41689.66667,602.65,604.61,598.75,601.16,2105697
41690.66667,602,603.44,600.11,602.05,1701894
41691.66667,603.9,604.93,601.41,601.89,1863155
41694.66667,602.62,610.08,602.54,606.25,1675461
41695.66667,607.5,612.25,605.21,610,1444180
41696.66667,612,614.44,606.88,610.08,1983804
41697.66667,609.19,612.11,608.5,609.6,1260794
41698.66667,610.16,612.09,603.11,607.82,2314596
41701.66667,603.37,603.91,596.07,601.34,2108720
41702.66667,607.5,608,604.75,607.45,1471031
41703.66667,607.52,611.54,605.7,609.13,1236190
41704.66667,611.15,613.07,609.29,609.8,1269591
41705.66667,613.19,613.49,605.71,607.39,1515510
41708.66667,607.9,608.81,602.04,605.78,1215443
41709.66667,606.51,607.15,598.32,599.99,1715423
41710.66667,597.36,603.92,592.09,603.65,1966927
41711.66667,604.12,605.25,592.38,594.53,2345640
41712.66667,591.05,595.43,586.26,586.4,2301786
41715.66667,589.62,598.53,589.05,596.04,2166547
41716.66667,597.33,605.76,596.53,605.63,1821606
41717.66667,605.9,605.99,597.2,599.62,1612901
41718.66667,599.97,604.8,597.67,598.58,1684975
41719.66667,604.81,604.81,591.22,591.52,3210656
41722.66667,592.34,592.45,572.97,578.96,3039151
41723.66667,582.94,584.91,573.5,579.36,2413045
41724.66667,581,585.78,565.75,565.98,2580023
41725.66667,566.45,566.45,551.41,556.93,13052
41726.66667,559.71,564.88,557.14,558.46,41003
41729.66667,565.45,565.45,555.41,555.45,10772
41730.66667,557.18,566.89,557.18,565.61,7932
41731.66667,579.17,603.17,560.65,565.45,146697
41732.66667,568.29,585.67,562.59,568.18,5087530
41733.66667,573.08,576.19,541.51,541.65,6377658
41736.66667,539.26,546.98,525.71,536.68,4389569
41737.66667,540.99,553.48,540.13,553.38,3152406
41738.66667,558.09,563.82,551.44,562.6,3324742
41739.66667,563.44,563.45,538.42,539.47,4027743
41740.66667,531.08,538.52,525.09,529.15,3916171
41743.66667,536.53,542.61,528.11,531.06,2568020
41744.66667,535.78,536.98,517.04,534.97,3847453
41745.66667,541.27,555.48,538.52,555.02,4879889
41746.66667,547.31,548,529.7,534.63,6795393
41750.66667,534.63,535.23,524.16,527.17,2561214
41751.66667,527.19,535.76,526.07,533.35,2359421
41752.66667,532.33,532.41,524.81,525.5,2051066
41753.66667,528.56,530.19,520.69,523.72,1881965
41754.66667,521.08,523.26,514.01,514.77,2097264
41757.66667,515.79,517.18,501.42,515.73,3326429
41758.66667,515.58,528.01,514.91,526.26,2692489
41759.66667,526.16,526.55,521.09,525.22,1746904
41760.66667,526.09,531.47,522.45,529.9,1900432
41761.66667,532.3,532.54,524.17,526.48,1685042
41764.66667,523.29,527.45,519.89,526.37,1021408
41765.66667,523.81,525.37,513.65,513.73,1684381
41766.66667,513.76,515.27,501.92,508.56,3216077
41767.66667,507.07,515.81,505.06,509.6,2016131
41768.66667,509.35,518.48,502.82,517.31,2432783
41771.66667,522.08,528.74,517.59,528.47,1908392
41772.66667,529,534.6,528.06,531.63,1648907
41773.66667,530.49,531.54,523.85,525.21,1191863
41774.66667,524.26,524.43,516,518.56,1703758
41775.66667,520.12,520.37,514.03,519.2,1481688
41778.66667,518.28,528.33,516.17,527.41,1276362
41779.66667,528.29,534.76,524.86,528.32,1780113
41780.66667,531.44,537.71,530.45,537.46,1193389
41781.66667,539.65,546.1,539.3,543.57,1611837
41782.66667,545.76,552.12,542.21,551.19,1929632
41786.66667,555.29,564.45,552.83,564.4,2100298
41787.66667,563.02,566.29,559.46,560.14,1647717
41788.66667,561.81,562.46,557.18,558.55,1350657
41789.66667,559.26,559.81,554.39,558.36,1766794
41792.66667,558.5,559.36,544.24,552.41,1434989
41793.66667,549.48,550.83,541.06,543.45,1861921
41794.66667,540.02,547.11,537.28,543.17,1812084
41795.66667,543.81,553.43,542.96,552.38,1684886
41796.66667,556.53,556.53,547.43,554.81,1732592
41799.66667,555.62,561.36,554.52,560.58,1463676
41800.66667,558.98,562.06,556.37,559.02,1349444
41801.66667,556.47,558.35,553.5,557.31,1097380
41802.66667,555.87,556.46,546.96,549.84,1457104
41803.66667,550.75,550.79,544.07,550.25,1217176
41806.66667,547.76,548.12,540.04,542.79,1704027
41807.66667,542.71,543.83,537.85,541.52,1445878
41808.66667,543.37,552.04,542.51,551.86,1737343
41809.66667,552.35,553.48,547.01,553.38,2451341
41810.66667,555.33,556.05,548.88,554.84,4496962
41813.66667,553.48,563.45,552.73,563.4,1534659
41814.66667,563.64,571.08,559.47,563.07,2201789
41815.66667,563.71,578.37,563.67,577.07,1964447
41816.66667,579.41,580.86,570.28,574.42,1737210
41817.66667,575.6,578.28,572.23,575.66,2231174
41820.66667,577.08,577.98,573.18,573.71,1310909
41821.66667,576.77,582.8,575.07,581.07,1446309
41822.66667,581.75,583.84,578.8,580.74,1054936
41823.66667,581.75,583.41,579.33,583.13,712210
41827.66667,582.16,584.82,578,580.66,1061833
41828.66667,576.17,577.94,564.59,569.53,1908647
41829.66667,570.02,575.14,567.82,574.5,1113907
41830.66667,565.3,575.01,563.46,569.54,1353317
41831.66667,570.58,579.26,569.86,577.59,1617569
41834.66667,581.25,583.61,576.45,583.27,1852290
41835.66667,584.14,584.2,574.98,583.18,1618815
41836.66667,586.39,586.79,580.61,581.06,1394560
41837.66667,577.94,579.4,567.05,572.16,3015475
41838.66667,591.38,595.17,580.41,593.45,4006389
41841.66667,590.13,592.77,583.63,587.86,2060334
41842.66667,589.25,598.01,588.98,593.11,1694787
41843.66667,591.61,596.21,590.88,594.35,1229846
41844.66667,594.82,597.86,590.15,591.73,1033341
41845.66667,588.78,590.24,585.42,587.41,932724
41848.66667,586.46,590.88,583.15,588.98,984161
41849.66667,587.14,588.09,581.92,584.01,1346647
41850.66667,584.94,587.89,582.4,585.81,1013932
41851.66667,579.01,582.05,568.44,570.04,2099516
41852.66667,569.34,574.38,561.31,564.52,1950171
41855.66667,567.53,573.77,562.56,571.58,1427169
41856.66667,569.52,570.41,561.07,563.52,1556685
41857.66667,560.24,569.14,558.47,564.82,1330877
41858.66667,566.45,568.33,559.56,561.82,1108900
41859.66667,562.46,568.69,558.82,567.21,1492491
41862.66667,568.43,568.93,564.45,566.33,1215968
41863.66667,562.97,564.35,559.34,561.19,1537758
41864.66667,565.76,573.43,564.2,573.21,1437922
41865.66667,574.57,576.32,569.32,573.08,982926
41866.66667,576.28,577.79,568.96,571.91,1517056
41869.66667,574.53,582.91,574.42,580.57,1282531
41870.66667,583.4,585.73,582.4,585.25,979298
41871.66667,584.28,585.09,580.98,582.89,1034779
41872.66667,582.14,582.9,579.55,581.77,912854
41873.66667,581.99,583.63,579.05,580.97,789484
41876.66667,583.12,583.4,577.41,578.61,1358810
41877.66667,579.8,580.21,575,576.28,1635465
41878.66667,575.69,576.91,568.54,569.44,1700161
41879.66667,568,571.68,565.55,567.64,1295963
41880.66667,569.13,570.47,565.52,570.04,1081231
41884.66667,569.63,576.25,569.63,575.75,1576830
41885.66667,578.41,581.39,573.43,576.36,1214586
41886.66667,578.61,584.4,577.63,580.39,1459956
41887.66667,582.35,584.94,580.36,584.48,1629477
41890.66667,584.7,590.15,584.7,588.11,1429101
41891.66667,586.59,587.39,578.41,579.42,1286722
41892.66667,579.91,581.9,575.36,581.5,975145
41893.66667,578.77,580.22,574.68,579.76,1217721
41894.66667,579.41,580.05,572.89,574.04,1597677
41897.66667,571.37,573.38,566.65,571.53,1596224
41898.66667,571.19,579.91,571.09,578.36,1478306
41899.66667,579.03,585.91,577.19,583.17,1690994
41900.66667,585.39,587.93,583.4,587.66,1442012
41901.66667,589.88,594.85,587.89,594.45,3727045
41904.66667,592.19,592.32,581.86,585.76,1687710
41905.66667,584.59,585.24,579.41,579.54,1467703
41906.66667,580.16,588.02,578.93,586.38,1724537
41907.66667,585.94,586.37,572.61,573.49,1925350
41908.66667,575.17,577.66,573.09,575.52,1439807
41911.66667,570.23,576.61,569.61,574.78,1281204
41912.66667,575.34,578.26,571.28,575.78,1618437
41913.66667,574.36,576,565.46,566.71,1445027
41914.66667,565.76,570.34,561.78,568.52,1175307
41915.66667,571.48,575.64,570.93,573.71,1138636
41918.66667,577.51,579.41,572.87,575.77,1211320
41919.66667,572.83,573.7,562.2,562.2,1906427
41920.66667,563.7,572.31,555.96,570.93,1987888
41921.66667,569.62,569.93,557.53,559.34,2519693
41922.66667,556.19,563.58,542.56,543,3078634
41925.66667,543.66,548,531.64,531.75,2578676
41926.66667,537.42,545.69,531.71,536.47,2217230
41927.66667,529.56,531.34,516.88,528.58,3712536
41928.66667,516.74,527.98,513.59,523.07,3698423
41929.66667,525.81,529.53,507.14,509.77,5530674
41932.66667,508.06,520.33,506.71,519.41,2605505
41933.66667,524.06,525.35,517.69,525.1,2332531
41934.66667,528.23,538.32,527.35,531.25,2917183
41935.66667,537.87,545.72,534.38,542.49,2345296
41936.66667,542.87,543.39,534.32,538.3,1972047
41939.66667,535.56,542.92,535.56,539.29,1184973
41940.66667,541.42,547.48,540.14,547.4,1273372
41941.66667,548.44,552.67,545.48,547.83,1767107
41942.66667,547.16,551.29,542.02,548.8,1451667
41943.66667,557.82,558.04,553.23,557.55,2032887
41946.66667,553.98,556.37,551.72,553.7,1378511
41947.66667,551.21,553.98,547.8,552.59,1240761
41948.66667,555.28,555.28,542.56,544.43,2026740
41949.66667,544.01,545.39,539.49,540.56,1329604
41950.66667,544.51,544.71,537.2,539.53,1629259
41953.66667,539.98,548.09,539.54,545.99,1131546
41954.66667,546.99,550.43,544.8,548.78,964866
41955.66667,548.88,548.95,543.68,545.81,1126594
41956.66667,548.29,548.29,541.99,543.89,1335719
41957.66667,545.18,545.18,540.67,542.91,1285991
41960.66667,541.94,542.3,532.6,535.04,1721282
41961.66667,536.27,540.46,532.71,533.57,1957664
41962.66667,533.52,536.77,528.63,535.52,1388440
41963.66667,530,533.65,529.63,533.37,1559131
41964.66667,540.13,540.66,535.09,536.03,2218249
41967.66667,536.18,541.21,534.15,537.79,1701682
41968.66667,537.52,542.49,537.13,539.6,1784967
41969.66667,539.4,540.07,535.57,538.89,1519503
41971.66667,539.14,540.52,535.13,540.35,1145231
41974.66667,537.42,539.93,530.4,532.34,2109599
41975.66667,532.49,534.03,528.35,532.29,1522481
41976.66667,529.8,534.53,527.81,529.87,1279288
41977.66667,529.82,535.87,527.14,535.84,1392208
41978.66667,529.55,531.43,522.84,523.82,2558649
41981.66667,525.7,529.55,522.36,525.54,2327127
41982.66667,520.71,532.73,519.08,531.91,1871268
41983.66667,531.5,534.86,524.12,524.62,1716835
41984.66667,526.36,532.46,525.66,526.89,1610964
41985.66667,522.08,527.05,517.24,517.24,1989117
41988.66667,521.31,521.67,511.86,512.39,2812786
41989.66667,510.11,511.65,487.66,494.03,3953371
41990.66667,495.64,505.61,495.45,503.51,2875281
41991.66667,511.55,512.46,503.32,509.7,2918730
41992.66667,511.86,516.3,505.52,514.94,3680148
41995.66667,514.95,525.02,514.67,523.43,2723599
41996.66667,525.7,533.1,524.85,529.14,2191567
41997.66667,529.44,530.3,525.58,527.32,704035
41999.66667,528.54,532.79,525.87,532.57,1037727
42002.66667,531.74,534.01,528.56,528.88,2276104
42003.66667,526.72,529.7,525.69,528.97,873923
42004.66667,529.68,531.14,524.36,524.96,1371819
42006.66667,527.55,529.82,522.67,523.37,1446662
42009.66667,521.72,522.89,511.66,512.46,2054238
42010.66667,513.6,514.76,499.68,500.59,2891950
42011.66667,505.51,505.86,498.28,499.73,2059366
42012.66667,496.63,502.1,489.66,501.3,3344395
42013.66667,503.38,503.54,493.44,494.81,2065715
42016.66667,493.64,494.62,486.23,491.2,2320446
42017.66667,497.47,501.6,491.04,494.82,2365687
42018.66667,493.54,501.85,491.65,499.5,2229638
42019.66667,504.11,504.3,496.4,500.42,2711355
42020.66667,498.64,506.8,498.63,506.69,2292043
42024.66667,509.6,511.1,504.63,505.51,2225922
42025.66667,506.06,517.86,504.81,516.62,2262455
42026.66667,520.05,534.86,518.28,532.93,2669558
42027.66667,534.12,540.69,531.54,538.47,2275485
42030.66667,536.7,537.52,528.22,533.74,1539524
42031.66667,528.55,529.25,516.77,517.21,1898844
42032.66667,521.45,521.56,508.6,508.6,1679230
42033.66667,509.69,509.69,499.83,509.26,4174924
42034.66667,514.45,538.39,514.11,533.06,5590977
42037.66667,530.27,531.54,517.13,527.03,2841976
42038.66667,525.99,531.94,521.83,527.79,2033085
42039.66667,527.79,531.21,519.84,521.33,1659125
42040.66667,522.39,527.05,520.66,526.14,1844687
42041.66667,526.2,535.73,524.97,529.55,1758650
42044.66667,526.55,530.54,524.58,526.39,1264276
42045.66667,527.8,536.23,525.48,535.47,1745076
42046.66667,533.83,536.98,531.92,534.5,1373970
42047.66667,535.64,543.33,533.21,541.44,1615824
42048.66667,541.99,548.4,541.64,547.51,1895126
42052.66667,544.85,548.49,539.61,541.35,1612439
42053.66667,539.92,544,536.04,538.22,1449089
42054.66667,536.54,541.62,536.54,541.38,987478
42055.66667,541.64,542.26,534.33,537.47,1441212
42058.66667,534.58,534.97,527.96,530.45,1453907
42059.66667,528.25,535.32,526.8,534.62,1002393
42060.66667,534.43,544.72,533.98,542.38,1821041
42061.66667,541.51,554.62,540.02,553.96,2305219
42062.66667,552.72,563.16,551.39,556.87,2403553
42065.66667,560.28,570.58,557.22,569.78,2123796
42066.66667,568.89,573.81,564.97,572.07,1700084
42067.66667,570.84,575.53,566.46,571.8,1871694
42068.66667,573.69,576.33,571.84,573.76,1385818
42069.66667,573.39,575.1,565.21,566.13,1654561
42072.66667,564.72,568.71,561.99,567.29,1059336
42073.66667,562.57,563.3,553.21,553.49,1787357
42074.66667,553.69,556.61,549.17,549.67,1815763
42075.66667,552.11,554.85,548.95,553.99,1385772
42076.66667,551.65,556.87,542.73,545.82,1698872
42079.66667,549.44,555.33,544.51,552.99,1636493
42080.66667,549.65,552.28,546.5,549.33,1800570
42081.66667,550.44,558.25,545.5,557.97,2128714
42082.66667,556.58,559.26,554.62,556.46,1194049
42083.66667,560.01,560.18,557.52,558.83,2609690
42086.66667,558.9,560.82,554.31,557.28,1639306
42087.66667,561.02,573.02,559.67,568.63,2576234
42088.66667,568.83,570.69,557.21,557.26,2146384
42089.66667,556.17,557.37,549.14,553.65,1568331
42090.66667,551.49,553.76,546.63,546.84,1892323
42093.66667,550.11,551.95,546.67,550.52,1283958
42094.66667,548.49,553.19,545.22,546.5,1583677
42095.66667,546.89,549.63,538.02,541.07,1957718
42096.66667,539.22,539.37,532.39,534.06,1711737
42100.66667,530.69,536.94,528.12,535.3,1320767
42101.66667,536.61,541.2,534.53,535.55,1299298
42102.66667,537.27,542.36,536.91,540.13,1175332
42103.66667,539.79,540.47,534.02,539.3,1553586
42104.66667,540.52,540.81,535.84,538.53,1405574
42107.66667,536.94,542.57,535.84,537.69,1640809
42108.66667,534.59,536.1,526.65,528.94,2597043
42109.66667,527.25,533.27,521.79,531.07,2312512
42110.66667,528.55,534.12,528.16,532.34,1296304
42111.66667,527.21,528.39,519.58,522.62,2145955
42114.66667,524.16,534.62,523.06,533.91,1675487
42115.66667,536.04,537.91,532.21,532.51,1839668
42116.66667,532.79,539.6,530.29,537.89,1589248
42117.66667,539.44,549.45,538.75,545.5,4173376
42118.66667,564.55,569.58,555.72,563.51,4919031
42121.66667,563.12,565.95,553.2,555.37,2398039
42122.66667,554.64,556.02,550.37,553.68,1490983
42123.66667,550.47,553.68,546.91,549.08,1698761
42124.66667,547.98,548.59,535.05,537.34,2082214
42125.66667,538.21,539.54,532.1,537.9,1768181
42128.66667,538.38,544.07,535.06,540.78,1307960
42129.66667,538.27,539.74,530.39,530.8,1383068
42130.66667,531.25,532.38,521.09,524.22,1566987
42131.66667,523.99,533.46,521.75,530.7,1546278
42132.66667,536.65,541.15,536,538.22,1527615
42135.66667,538.37,541.98,535.4,535.7,905285
42136.66667,531.34,533.21,525.26,529.04,1634174
42137.66667,530.57,534.32,528.66,529.62,1253063
42138.66667,533.76,539,532.41,538.4,1403935
42139.66667,539.14,539.27,530.38,533.85,1971343
42142.66667,532,534.82,528.85,532.3,2003421
42143.66667,533.55,540.66,533.04,537.36,1966947
42144.66667,538.21,542.92,532.97,539.27,1430826
42145.66667,537.95,543.84,535.98,542.51,1462695
42146.66667,540.14,544.19,539.51,540.11,1176214
42150.66667,538.39,539,529.88,532.32,2406512
42151.66667,532.8,540.55,531.71,539.79,1525019
42152.66667,537.97,540.61,536.25,539.78,1029849
42153.66667,537.37,538.63,531.45,532.11,2597407
42156.66667,536.79,536.79,529.76,533.99,1904332
42157.66667,532.93,543,531.33,539.18,1938989
42158.66667,540,543.5,537.11,540.31,1717036
42159.66667,537.76,540.59,534.32,536.7,1348337
42160.66667,537,537.2,532.52,533.33,1388220
42163.66667,533.36,534.12,526.24,526.83,1524139
42164.66667,527.56,529.2,523.01,526.69,1455266
42165.66667,529.4,538.36,529.35,536.69,1814958
42166.66667,538.74,538.98,533.02,534.61,1217536
42167.66667,531.67,533.12,530.16,532.33,955789
42170.66667,528.08,528.3,524,527.2,1632702
42171.66667,528.23,529.64,525.56,528.15,1071814
42172.66667,529.63,530.98,525.1,529.26,1294216
42173.66667,531,538.15,530.79,536.73,1833109
42174.66667,537.36,538.25,533.01,536.69,1893497
42177.66667,539.35,543.74,537.53,538.19,1250282
42178.66667,539.32,541.5,535.25,540.48,1197450
42179.66667,539.59,540,535.66,537.84,1286608
42180.66667,539.66,540.9,535.23,535.23,1335697
42181.66667,537,537.76,531.35,531.69,2109130
42184.66667,525,528.61,520.54,521.52,1937821
42185.66667,526.2,526.25,520.5,520.51,2235595
42186.66667,524.21,525.69,518.23,521.84,1961354
42187.66667,521.84,524.65,521.08,523.4,1235903
42191.66667,519.5,525.25,519,522.86,1280525
42192.66667,523.13,526.18,515.18,525.02,1597229
42193.66667,521.05,522.73,516.11,516.83,1296699
42194.66667,523.12,523.77,520.35,520.68,1842347
42195.66667,526.29,532.56,525.55,530.13,1956682
42198.66667,532.88,547.11,532.4,546.55,2206475
42199.66667,546.76,565.85,546.71,561.1,3244066
42200.66667,560.13,566.5,556.79,560.22,1784554
42201.66667,565.12,580.68,565,579.85,4768318
42202.66667,649,674.47,645,672.93,11164943
42205.66667,659.24,668.88,653.01,663.02,5860872
42206.66667,655.21,673,654.3,662.3,3377196
42207.66667,660.89,678.64,659,662.1,3929309
42208.66667,661.27,663.63,641,644.28,3029109
42209.66667,647,648.17,622.52,623.56,3625747
42212.66667,621,634.3,620.5,627.26,2675381
42213.66667,632.83,632.83,623.31,628,1727327
42214.66667,628.8,633.36,622.65,631.93,1575069
42215.66667,630,635.22,622.05,632.59,1474203
42216.66667,631.38,632.91,625.5,625.61,1706149
42219.66667,625.34,633.06,625.34,631.21,1304511
42220.66667,628.42,634.81,627.16,629.25,1490881
42221.66667,634.33,647.86,633.16,643.78,2334266
42222.66667,645,645.38,632.25,642.68,1572600
42223.66667,640.23,642.68,629.71,635.3,1403865
42226.66667,639.48,643.44,631.25,633.73,1809205
42227.66667,669.2,674.9,654.27,660.78,5029203
42228.66667,663.08,665,652.29,659.56,2940803
42229.66667,659.32,664.5,651.66,656.45,1810749
42230.66667,655.01,659.86,652.66,657.12,1072061
42233.66667,656.8,661.38,651.24,660.87,1051699
42234.66667,661.9,664,653.46,656.13,1456059
42235.66667,656.6,667,654.19,660.9,2134098
42236.66667,655.46,662.99,642.9,646.83,2855299
42237.66667,639.78,640.05,612.33,612.48,4265183
42240.66667,573,614,565.05,589.61,5770302
42241.66667,614.91,617.45,581.11,582.06,3537966
42242.66667,610.35,631.71,599.05,628.62,4235891
42243.66667,639.4,643.59,622,637.61,3491336
42244.66667,632.82,636.88,624.56,630.38,1978733
42247.66667,627.54,635.8,617.68,618.25,2176737
42248.66667,602.36,612.86,594.1,597.79,3702105
42249.66667,605.59,614.34,599.71,614.34,2575620
42250.66667,617,619.71,602.82,606.25,1759572
42251.66667,600,603.47,595.25,600.7,2089453
42255.66667,612.49,616.31,604.12,614.66,2279538
42256.66667,621.22,626.52,609.6,612.72,1702094
42257.66667,613.1,624.16,611.43,621.35,1905276
42258.66667,619.75,625.78,617.42,625.77,1373545
42261.66667,625.7,625.86,619.43,623.24,1702271
42262.66667,626.7,638.7,623.78,635.14,2084397
42263.66667,635.47,637.95,632.32,635.98,1286454
42264.66667,637.79,650.9,635.02,642.9,2274690
42265.66667,636.79,640,627.02,629.25,5133386
42268.66667,634.4,636.49,625.94,635.44,1788506
42269.66667,627,627.55,615.43,622.69,2562869
42270.66667,622.05,628.93,620,622.36,1470949
42271.66667,616.64,627.32,612.4,625.8,2240098
42272.66667,629.77,629.77,611,611.97,2174009
42275.66667,610.34,614.61,589.38,594.89,3127667
42276.66667,597.28,605,590.22,594.97,2310284
42277.66667,603.28,608.76,600.73,608.42,2413441
42278.66667,608.37,612.09,599.85,611.29,1867601
42279.66667,607.2,627.34,603.13,626.91,2684805
42282.66667,632,643.01,627,641.47,1803643
42283.66667,638.84,649.25,636.53,645.44,2236847
42284.66667,649.24,650.61,632.15,642.36,2092714
42285.66667,641.36,644.45,625.56,639.16,2182081
42286.66667,640,645.99,635.32,643.61,1648736
42289.66667,642.09,648.5,639.01,646.67,1276134
42290.66667,643.15,657.81,643.15,652.3,1807685
42291.66667,653.21,659.39,648.85,651.16,1415468
42292.66667,654.66,663.13,654.46,661.74,1885737
42293.66667,664.11,664.97,657.2,662.2,1611128
42296.66667,661.18,666.82,659.58,666.1,1477340
42297.66667,664.04,664.72,644.2,650.28,2498215
42298.66667,654.15,655.87,641.73,642.61,1794172
42299.66667,646.7,657.8,644.01,651.79,4070954
42300.66667,727.5,730,701.5,702,6653923
42303.66667,701.55,719.15,701.26,712.78,2716615
42304.66667,707.38,713.62,704.55,708.49,2245796
42305.66667,707.33,712.98,703.08,712.95,2178917
42306.66667,710.5,718.26,710.01,716.92,1455965
42307.66667,715.73,718,710.05,710.81,1908774
42310.66667,711.06,721.62,705.85,721.11,1886250
42311.66667,718.86,724.65,714.72,722.16,1565379
42312.66667,722,733.1,721.9,728.11,1706700
42313.66667,729.47,739.48,729.47,731.25,1861550
42314.66667,731.5,735.41,727.01,733.76,1511599
42317.66667,730.2,734.71,719.43,724.89,2069807
42318.66667,722.67,730.59,718.5,728.32,1607994
42319.66667,732.46,741,730.23,735.4,1366995
42320.66667,731,737.8,728.65,731.23,1837154
42321.66667,729.17,731.15,716.73,717,2075504
42324.66667,715.6,729.49,711.33,728.96,1905893
42325.66667,729.29,731.85,723.03,725.3,1510903
42326.66667,727.58,741.41,727,740,1684259
42327.66667,738.74,742,737.43,738.41,1327879
42328.66667,746.53,757.92,743,756.6,2213284
42331.66667,757.45,762.71,751.82,755.98,1415385
42332.66667,752,755.28,737.63,748.28,2334197
42333.66667,748.14,752,746.06,748.15,1122224
42335.66667,748.46,753.41,747.49,750.26,838528
42338.66667,748.81,754.93,741.27,742.6,2097624
42339.66667,747.11,768.95,746.7,767.04,2134621
42340.66667,768.9,775.96,758.96,762.38,2230373
42341.66667,766.01,769,745.63,752.54,2590641
42342.66667,753.1,768.49,750,766.81,2757283
42345.66667,767.77,768.73,755.09,763.25,1812314
42346.66667,757.89,764.8,754.2,762.37,1829475
42347.66667,759.17,764.23,737,751.61,2699990
42348.66667,752.85,755.85,743.83,749.46,1988380
42349.66667,741.16,745.71,736.75,738.87,2224410
42352.66667,741.79,748.73,724.17,747.77,2421236
42353.66667,753,758.08,743.01,743.4,2666229
42354.66667,750,760.59,739.44,758.09,1993251
42355.66667,762.42,762.68,749,749.43,1553418
42356.66667,746.51,754.13,738.15,739.31,3148743
42359.66667,746.13,750,740,747.77,1525703
42360.66667,751.65,754.85,745.53,750,1365520
42361.66667,753.47,754.21,744,750.31,1566726
42362.66667,749.55,751.35,746.62,748.4,527223
42366.66667,752.92,762.99,749.52,762.51,1515716
42367.66667,766.69,779.98,766.43,776.6,1765012
42368.66667,776.6,777.6,766.9,771,1293521
42369.66667,769.5,769.5,758.34,758.88,1500923
42373.66667,743,744.06,731.26,741.84,3272776
42374.66667,746.45,752,738.64,742.58,1950691
42375.66667,730,747.18,728.92,743.62,1947034
42376.66667,730.31,738.5,719.06,726.39,2963741
42377.66667,731.45,733.23,713,714.47,2450857
42380.66667,716.61,718.86,703.54,716.03,2090621
42381.66667,721.68,728.75,717.32,726.07,2024509
42382.66667,730.85,734.74,698.61,700.56,2501730
42383.66667,705.38,721.93,689.1,714.72,2225768
42384.66667,692.29,706.74,685.37,694.45,3608109
42388.66667,703.3,709.98,693.41,701.79,2268078
42389.66667,688.61,706.85,673.26,698.45,3444962
42390.66667,702.18,719.19,694.46,706.59,2412211
42391.66667,723.6,728.13,720.12,725.25,2011797
42394.66667,723.58,729.68,710.01,711.67,1711716
42395.66667,713.85,718.28,706.48,713.04,1331691
42396.66667,713.67,718.24,694.39,699.99,2194227
42397.66667,722.22,733.69,712.35,730.96,2676397
42398.66667,731.53,744.99,726.8,742.95,3474319
42401.66667,750.46,757.86,743.27,752,5139157
42402.66667,784.5,789.87,764.65,764.65,6348126
42403.66667,770.22,774.5,720.5,726.95,6171019
42404.66667,722.81,727,701.86,708.01,5168709
42405.66667,703.87,703.99,680.15,683.57,5105725
42408.66667,667.85,684.03,663.06,682.74,4247355
42409.66667,672.32,699.9,668.77,678.11,3608914
42410.66667,686.86,701.31,682.13,684.12,2638007
42411.66667,675,689.35,668.87,683.11,3024043
42412.66667,690.26,693.75,678.6,682.4,2141373
42416.66667,692.98,698,685.05,691,2520021
42417.66667,699,709.75,691.38,708.4,2492634
42418.66667,710,712.35,696.03,697.35,1883248
42419.66667,695.03,703.08,694.05,700.91,1589281
42422.66667,707.45,713.24,702.51,706.46,1949816
42423.66667,701.45,708.4,693.58,695.85,2009280
42424.66667,688.92,700,680.78,699.56,1963573
42425.66667,700.01,705.98,690.59,705.75,1642166
42426.66667,708.58,713.43,700.86,705.07,2243522
42429.66667,700.32,710.89,697.68,697.77,2481145
42430.66667,703.62,718.81,699.77,718.81,2151419
42431.66667,719,720,712,718.85,1629003
42432.66667,718.68,719.45,706.02,712.42,1957974
42433.66667,714.99,716.49,706.02,710.89,1972077
42436.66667,706.9,708.09,686.9,695.16,2988026
42437.66667,688.59,703.79,685.34,693.97,2076331
42438.66667,698.47,705.68,694,705.24,1421515
42439.66667,708.12,716.44,703.36,712.82,2833525
42440.66667,720,726.92,717.13,726.82,1970815
42443.66667,726.81,735.5,725.15,730.49,1718252
42444.66667,726.92,732.29,724.77,728.33,1720965
42445.66667,726.37,737.47,724.51,736.09,1624370
42446.66667,736.45,743.07,736,737.78,1860834
42447.66667,741.86,742,731.83,737.6,2980709
42450.66667,736.5,742.5,733.52,742.09,1836503
42451.66667,737.46,745,737.46,740.75,1269749
42452.66667,742.36,745.72,736.15,738.06,1432099
42453.66667,732.01,737.75,731,735.3,1594891
42457.66667,736.79,738.99,732.5,733.53,1301327
42458.66667,734.59,747.25,728.76,744.77,1903758
42459.66667,750.1,757.88,748.74,750.53,1782427
42460.66667,749.25,750.85,740.94,744.95,1718798
42461.66667,738.6,750.34,737,749.91,1576745
42464.66667,750.06,752.8,742.43,745.29,1134390
42465.66667,738,742.8,735.37,737.8,1132294
42466.66667,735.77,746.24,735.56,745.69,1053713
42467.66667,745.37,747,736.28,740.28,1453185
42468.66667,743.97,745.45,735.55,739.15,1290787
42471.66667,743.02,745,736.05,736.1,1220088
42472.66667,738,743.83,731.01,743.09,1352992
42473.66667,749.16,754.38,744.26,751.72,1707641
42474.66667,754.01,757.31,752.71,753.2,1135271
42475.66667,753.98,761,752.69,759,1809332
42478.66667,760.46,768.05,757.3,766.61,1558848
42479.66667,769.51,769.9,749.33,753.93,2030526
42480.66667,758,758.13,750.01,752.67,1529217
42481.66667,755.38,760.45,749.55,759.14,3060490
42482.66667,726.3,736.12,713.61,718.77,5951938
42485.66667,716.1,723.93,715.59,723.15,1959179
42486.66667,725.42,725.77,703.03,708.14,2744587
42487.66667,707.29,708.98,692.37,705.84,3098587
42488.66667,708.26,714.17,689.55,691.02,2867255
42489.66667,690.7,697.62,689,693.01,2487673
42492.66667,697.63,700.64,691,698.21,1645265
42493.66667,696.87,697.84,692,692.36,1543785
42494.66667,690.49,699.75,689.01,695.7,1693525
42495.66667,697.7,702.32,695.72,701.43,1683507
42496.66667,698.38,711.86,698.11,711.12,1829291
42499.66667,712,718.71,710,712.9,1510289
42500.66667,716.75,723.5,715.72,723.18,1569591
42501.66667,723.41,724.48,712.8,715.29,1692063
42502.66667,717.06,719.25,709,713.31,1361332
42503.66667,711.93,716.66,709.26,710.83,1314499
42506.66667,709.13,718.48,705.65,716.49,1317069
42507.66667,715.99,721.52,704.11,706.23,2001225
42508.66667,703.67,711.6,700.63,706.63,1766836
42509.66667,702.36,706,696.8,700.32,1670234
42510.66667,701.62,714.58,700.52,709.74,1828387
42513.66667,706.53,711.48,704.18,704.24,1330692
42514.66667,706.86,720.97,706.86,720.09,1929467
42515.66667,720.76,727.51,719.7,725.27,1632564
42516.66667,722.87,728.33,720.28,724.12,1576286
42517.66667,724.01,733.94,724,732.66,1974962
42521.66667,731.74,739.73,731.26,735.72,2129545
42522.66667,734.53,737.21,730.66,734.15,1253593
42523.66667,732.5,733.02,724.17,730.4,1341807
42524.66667,729.27,729.49,720.56,722.34,1226253
42527.66667,724.91,724.91,714.61,716.55,1566059
42528.66667,719.84,721.98,716.55,716.65,1336754
42529.66667,723.96,728.57,720.58,728.28,1583701
42530.66667,722.87,729.54,722.34,728.58,988914
42531.66667,719.47,725.89,716.43,719.41,1216443
42534.66667,716.51,725.44,716.51,718.36,1258930
42535.66667,716.48,722.47,713.12,718.27,1306065
42536.66667,719,722.98,717.31,718.92,1214517
42537.66667,714.91,716.65,703.26,710.36,1982471
42538.66667,708.65,708.82,688.45,691.72,3402357
42541.66667,698.77,702.48,693.41,693.71,2082538
42542.66667,698.4,702.77,692.01,695.94,1465634
42543.66667,699.06,700.86,693.08,697.46,1184318
42544.66667,697.45,701.95,687,701.87,2171415
42545.66667,675.17,689.4,673.45,675.22,4449022
42548.66667,671,672.3,663.28,668.26,2641085
42549.66667,678.97,680.33,673,680.04,2173762
42550.66667,683,687.43,681.41,684.11,1932561
42551.66667,685.47,692.32,683.65,692.1,1597714
42552.66667,692.2,700.65,692.13,699.21,1344710
42556.66667,696.06,696.94,688.88,694.49,1462616
42557.66667,689.98,701.68,689.09,697.77,1411925
42558.66667,698.08,698.2,688.22,695.36,1304200
42559.66667,699.5,705.71,696.44,705.63,1575166
42562.66667,708.05,716.51,707.24,715.09,1111762
42563.66667,719.12,722.94,715.91,720.64,1336921
42564.66667,723.62,724,716.85,716.98,935876
42565.66667,721.58,722.21,718.03,720.95,950193
42566.66667,725.73,725.74,719.06,719.85,1279339
42569.66667,722.71,736.13,721.19,733.78,1295476
42570.66667,729.89,736.99,729,736.96,1227486
42571.66667,737.33,742.13,737.1,741.19,1289671
42572.66667,740.36,741.69,735.83,738.63,1026306
42573.66667,741.86,743.24,736.56,742.74,1259823
42576.66667,740.67,742.61,737.5,739.77,1032432
42577.66667,739.04,741.69,734.27,738.42,1186738
42578.66667,738.28,744.46,737,741.77,1512517
42579.66667,747.04,748.65,739.3,745.91,3530169
42580.66667,772.71,778.55,766.77,768.79,3841482
42583.66667,761.09,780.43,761.09,772.88,2700470
42584.66667,768.69,775.84,767.85,771.07,1784525
42585.66667,767.18,773.21,766.82,773.18,1287421
42586.66667,772.22,774.07,768.8,771.61,1140254
42587.66667,773.78,783.04,772.34,782.22,1801205
42590.66667,782,782.63,778.09,781.76,1107857
42591.66667,781.1,788.94,780.57,784.26,1318894
42592.66667,783.75,786.81,782.78,784.68,786363
42593.66667,785,789.75,782.97,784.85,975113
42594.66667,781.5,783.4,780.4,783.22,740498
42597.66667,783.75,787.49,780.11,782.44,938186
42598.66667,780.3,780.98,773.44,777.14,1028047
42599.66667,777.32,780.81,773.53,779.91,924226
42600.66667,780.01,782.86,777,777.5,719429
42601.66667,775,777.1,773.13,775.42,861546
42604.66667,773.27,774.54,770.05,772.15,951362
42605.66667,775.48,776.44,771.79,772.08,928232
42606.66667,770.58,774.5,767.07,769.64,1071999
42607.66667,767,771.89,763.18,769.41,926883
42608.66667,769,776.08,765.85,769.54,1166681
42611.66667,768.74,774.99,766.62,772.15,847565
42612.66667,769.33,774.47,766.84,769.09,1130029
42613.66667,767.01,769.09,765.38,767.05,1248556
42614.66667,769.25,771.02,764.3,768.78,925131
42615.66667,773.01,773.92,768.41,771.46,1072658
42619.66667,773.45,782,771,780.08,1442822
42620.66667,780,782.73,776.2,780.35,894021
42621.66667,778.59,780.35,773.58,775.32,1270264
42622.66667,770.1,773.25,759.66,759.66,1885496
42625.66667,755.13,770.29,754,769.02,1310986
42626.66667,764.48,766.22,755.8,759.69,1395046
42627.66667,759.61,767.68,759.11,762.49,1094490
42628.66667,762.89,773.8,759.96,771.76,1346751
42629.66667,769.75,769.75,764.66,768.88,2049338
42632.66667,772.42,774,764.44,765.7,1172824
42633.66667,769,773.33,768.53,771.41,978631
42634.66667,772.66,777.16,768.3,776.22,1167810
42635.66667,780,789.85,778.44,787.21,1486223
42636.66667,786.59,788.93,784.15,786.9,1411937
42639.66667,782.74,782.74,773.07,774.21,1533206
42640.66667,775.5,785.99,774.31,783.01,1153247
42641.66667,777.85,781.81,774.97,781.56,1109834
42642.66667,781.44,785.8,774.23,775.01,1314746
42643.66667,776.33,780.94,774.09,777.29,1585333
42646.66667,774.25,776.07,769.5,772.56,1278821
42647.66667,776.03,778.71,772.89,776.43,1201350
42648.66667,779.31,782.07,775.65,776.47,1461151
42649.66667,779,780.48,775.54,776.86,1070692
42650.66667,779.66,779.66,770.75,775.08,933158
42653.66667,777.71,789.38,775.87,785.94,1174923
42654.66667,786.66,792.28,780.58,783.07,1372461
42655.66667,783.76,788.13,782.06,786.14,937435
42656.66667,781.22,781.22,773,778.19,1365277
42657.66667,781.65,783.95,776,778.53,852487
42660.66667,779.8,785.85,777.5,779.96,1092973
42661.66667,787.85,801.61,785.57,795.26,2056903
42662.66667,798.86,804.63,797.64,801.56,1766798
42663.66667,803.3,803.97,796.03,796.97,1757528
42664.66667,795,799.5,794,799.37,1266181
42667.66667,804.9,815.18,804.82,813.11,1697514
42668.66667,816.68,816.68,805.14,807.67,1576404
42669.66667,806.34,806.98,796.32,799.07,1647733
42670.66667,801,803.49,791.5,795.35,2749221
42671.66667,808.35,815.49,793.59,795.37,4269902
42674.66667,795.47,796.86,784,784.54,2427284
42675.66667,782.89,789.49,775.54,783.61,2406356
42676.66667,778.2,781.65,763.45,768.7,1918414
42677.66667,767.25,769.95,759.03,762.13,1943175
42678.66667,750.66,770.36,750.56,762.02,2134812
42681.66667,774.5,785.19,772.55,782.52,1585070
42682.66667,783.4,795.63,780.19,790.51,1366873
42683.66667,779.94,791.23,771.67,785.31,2607121
42684.66667,791.17,791.17,752.18,762.56,4745183
42685.66667,756.54,760.78,750.38,754.02,2431815
42688.66667,755.6,757.85,727.54,736.08,3654385
42689.66667,746.97,764.42,746.97,758.49,2384001
42690.66667,755.2,766.36,750.51,764.48,1472594
42691.66667,766.92,772.7,764.23,771.23,1304048
42692.66667,771.37,775,760,760.54,1547145
42695.66667,762.61,769.7,760.6,769.2,1330639
42696.66667,772.63,776.96,767,768.27,1593108
42697.66667,767.73,768.28,755.25,760.99,1478417
42699.66667,764.26,765,760.52,761.68,587421
42702.66667,760,779.53,759.8,768.24,2188151
42703.66667,771.53,778.5,768.24,770.84,1616618
42704.66667,770.07,772.99,754.83,758.04,2392890
42705.66667,757.44,759.85,737.02,747.92,3017947
42706.66667,744.59,754,743.1,750.5,1452484
42709.66667,757.71,763.9,752.9,762.52,1394223
42710.66667,764.73,768.83,757.34,759.11,1690689
42711.66667,761,771.36,755.8,771.19,1760966
42712.66667,772.48,778.18,767.23,776.42,1488059
42713.66667,780,789.43,779.02,789.29,1821914
42716.66667,785.04,791.25,784.36,789.27,2104117
42717.66667,793.9,804.38,793.34,796.1,2145209
42718.66667,797.4,804,794.01,797.07,1704150
42719.66667,797.34,803,792.92,797.85,1626499
42720.66667,800.4,800.86,790.29,790.8,2443796
42723.66667,790.22,797.66,786.27,794.2,1232087
42724.66667,796.76,798.65,793.27,796.42,951014
42725.66667,795.84,796.68,787.1,794.56,1211346
42726.66667,792.36,793.32,788.58,791.26,972169
42727.66667,790.9,792.74,787.28,789.91,623944
42731.66667,790.68,797.86,787.66,791.55,789321
42732.66667,793.7,794.23,783.2,785.05,1153824
42733.66667,783.33,785.93,778.92,782.79,744272
42734.66667,782.75,782.78,770.41,771.82,1769950